School,Year,Round
boston-college,2021.0,3.0
boston-college,2021.0,6.0
boston-college,2020.0,2.0
boston-college,2019.0,1.0
boston-college,2019.0,3.0
boston-college,2019.0,3.0
boston-college,2019.0,7.0
boston-college,2018.0,2.0
boston-college,2018.0,3.0
boston-college,2018.0,6.0
boston-college,2017.0,3.0
boston-college,2017.0,5.0
boston-college,2016.0,3.0
boston-college,2016.0,7.0
boston-college,2015.0,6.0
boston-college,2015.0,6.0
boston-college,2015.0,7.0
boston-college,2014.0,4.0
boston-college,2014.0,4.0
boston-college,2014.0,7.0
boston-college,2014.0,7.0
boston-college,2012.0,1.0
clemson,2021.0,1.0
clemson,2021.0,1.0
clemson,2021.0,2.0
clemson,2021.0,3.0
clemson,2021.0,5.0
clemson,2020.0,1.0
clemson,2020.0,1.0
clemson,2020.0,2.0
clemson,2020.0,3.0
clemson,2020.0,4.0
clemson,2020.0,4.0
clemson,2020.0,7.0
clemson,2019.0,1.0
clemson,2019.0,1.0
clemson,2019.0,1.0
clemson,2019.0,2.0
clemson,2019.0,4.0
clemson,2019.0,5.0
clemson,2018.0,3.0
clemson,2018.0,6.0
clemson,2018.0,6.0
clemson,2017.0,1.0
clemson,2017.0,1.0
clemson,2017.0,3.0
clemson,2017.0,4.0
clemson,2017.0,4.0
clemson,2017.0,5.0
clemson,2016.0,1.0
clemson,2016.0,2.0
clemson,2016.0,2.0
clemson,2016.0,2.0
clemson,2016.0,4.0
clemson,2016.0,5.0
clemson,2016.0,7.0
clemson,2016.0,7.0
clemson,2016.0,7.0
clemson,2015.0,1.0
clemson,2015.0,1.0
clemson,2015.0,5.0
clemson,2015.0,5.0
clemson,2015.0,6.0
clemson,2014.0,1.0
clemson,2014.0,3.0
clemson,2014.0,4.0
clemson,2014.0,4.0
clemson,2014.0,6.0
clemson,2013.0,1.0
clemson,2013.0,4.0
clemson,2013.0,5.0
clemson,2013.0,6.0
clemson,2012.0,2.0
clemson,2012.0,3.0
clemson,2012.0,3.0
clemson,2012.0,4.0
duke,2021.0,4.0
duke,2021.0,5.0
duke,2021.0,5.0
duke,2021.0,6.0
duke,2019.0,1.0
duke,2015.0,1.0
duke,2015.0,4.0
duke,2014.0,4.0
duke,2013.0,7.0
florida-state,2021.0,2.0
florida-state,2021.0,4.0
florida-state,2021.0,4.0
florida-state,2021.0,6.0
florida-state,2020.0,2.0
florida-state,2019.0,1.0
florida-state,2019.0,6.0
florida-state,2018.0,1.0
florida-state,2018.0,3.0
florida-state,2018.0,4.0
florida-state,2018.0,4.0
florida-state,2018.0,7.0
florida-state,2018.0,7.0
florida-state,2017.0,2.0
florida-state,2017.0,2.0
florida-state,2017.0,5.0
florida-state,2017.0,6.0
florida-state,2016.0,1.0
florida-state,2016.0,2.0
florida-state,2015.0,1.0
florida-state,2015.0,1.0
florida-state,2015.0,2.0
florida-state,2015.0,2.0
florida-state,2015.0,2.0
florida-state,2015.0,3.0
florida-state,2015.0,4.0
florida-state,2015.0,5.0
florida-state,2015.0,5.0
florida-state,2015.0,6.0
florida-state,2015.0,7.0
florida-state,2014.0,1.0
florida-state,2014.0,2.0
florida-state,2014.0,2.0
florida-state,2014.0,3.0
florida-state,2014.0,4.0
florida-state,2014.0,4.0
florida-state,2014.0,5.0
florida-state,2013.0,1.0
florida-state,2013.0,1.0
florida-state,2013.0,1.0
florida-state,2013.0,2.0
florida-state,2013.0,2.0
florida-state,2013.0,5.0
florida-state,2013.0,5.0
florida-state,2013.0,6.0
florida-state,2013.0,6.0
florida-state,2013.0,6.0
florida-state,2013.0,7.0
florida-state,2012.0,4.0
florida-state,2012.0,5.0
florida-state,2012.0,6.0
florida-state,2012.0,7.0
georgia-tech,2021.0,6.0
georgia-tech,2021.0,7.0
georgia-tech,2020.0,6.0
georgia-tech,2017.0,7.0
georgia-tech,2016.0,2.0
georgia-tech,2016.0,6.0
georgia-tech,2015.0,4.0
georgia-tech,2015.0,4.0
georgia-tech,2015.0,6.0
georgia-tech,2014.0,2.0
georgia-tech,2014.0,6.0
georgia-tech,2014.0,7.0
georgia-tech,2012.0,2.0
louisville,2021.0,2.0
louisville,2021.0,4.0
louisville,2020.0,1.0
louisville,2018.0,1.0
louisville,2018.0,1.0
louisville,2018.0,3.0
louisville,2018.0,6.0
louisville,2017.0,6.0
louisville,2017.0,7.0
louisville,2016.0,1.0
louisville,2015.0,1.0
louisville,2015.0,3.0
louisville,2015.0,3.0
louisville,2015.0,3.0
louisville,2015.0,4.0
louisville,2015.0,6.0
louisville,2015.0,6.0
louisville,2015.0,6.0
louisville,2015.0,7.0
louisville,2015.0,7.0
louisville,2014.0,1.0
louisville,2014.0,1.0
louisville,2014.0,1.0
louisville,2014.0,3.0
louisville,2012.0,7.0
miami,2021.0,1.0
miami,2021.0,1.0
miami,2021.0,5.0
miami,2021.0,6.0
miami,2020.0,4.0
miami,2020.0,4.0
miami,2020.0,5.0
miami,2020.0,7.0
miami,2019.0,4.0
miami,2019.0,5.0
miami,2019.0,5.0
miami,2019.0,6.0
miami,2019.0,6.0
miami,2018.0,3.0
miami,2018.0,4.0
miami,2018.0,4.0
miami,2018.0,5.0
miami,2018.0,6.0
miami,2018.0,7.0
miami,2017.0,1.0
miami,2017.0,4.0
miami,2017.0,5.0
miami,2017.0,5.0
miami,2017.0,6.0
miami,2017.0,6.0
miami,2017.0,7.0
miami,2017.0,7.0
miami,2017.0,7.0
miami,2016.0,1.0
miami,2016.0,4.0
miami,2015.0,1.0
miami,2015.0,1.0
miami,2015.0,2.0
miami,2015.0,3.0
miami,2015.0,3.0
miami,2015.0,4.0
miami,2015.0,6.0
miami,2014.0,3.0
miami,2014.0,6.0
miami,2014.0,7.0
miami,2013.0,5.0
miami,2013.0,6.0
miami,2012.0,3.0
miami,2012.0,3.0
miami,2012.0,4.0
miami,2012.0,4.0
miami,2012.0,6.0
miami,2012.0,6.0
north-carolina-state,2021.0,3.0
north-carolina-state,2020.0,5.0
north-carolina-state,2020.0,7.0
north-carolina-state,2019.0,1.0
north-carolina-state,2019.0,3.0
north-carolina-state,2019.0,4.0
north-carolina-state,2019.0,6.0
north-carolina-state,2018.0,1.0
north-carolina-state,2018.0,3.0
north-carolina-state,2018.0,3.0
north-carolina-state,2018.0,4.0
north-carolina-state,2018.0,4.0
north-carolina-state,2018.0,4.0
north-carolina-state,2018.0,5.0
north-carolina-state,2017.0,2.0
north-carolina-state,2017.0,7.0
north-carolina-state,2017.0,7.0
north-carolina-state,2016.0,3.0
north-carolina-state,2016.0,3.0
north-carolina-state,2016.0,4.0
north-carolina-state,2014.0,4.0
north-carolina-state,2013.0,2.0
north-carolina-state,2013.0,3.0
north-carolina-state,2013.0,5.0
north-carolina-state,2012.0,3.0
north-carolina-state,2012.0,5.0
north-carolina-state,2012.0,7.0
north-carolina-state,2012.0,7.0
north-carolina-state,2012.0,7.0
north-carolina,2021.0,2.0
north-carolina,2021.0,3.0
north-carolina,2021.0,3.0
north-carolina,2021.0,4.0
north-carolina,2021.0,6.0
north-carolina,2020.0,4.0
north-carolina,2020.0,5.0
north-carolina,2019.0,5.0
north-carolina,2018.0,2.0
north-carolina,2018.0,7.0
north-carolina,2018.0,7.0
north-carolina,2017.0,1.0
north-carolina,2017.0,3.0
north-carolina,2017.0,4.0
north-carolina,2017.0,4.0
north-carolina,2017.0,5.0
north-carolina,2017.0,7.0
north-carolina,2014.0,1.0
north-carolina,2014.0,3.0
north-carolina,2014.0,4.0
north-carolina,2014.0,4.0
north-carolina,2014.0,7.0
north-carolina,2013.0,1.0
north-carolina,2013.0,1.0
north-carolina,2013.0,2.0
north-carolina,2013.0,3.0
north-carolina,2013.0,7.0
north-carolina,2012.0,1.0
north-carolina,2012.0,2.0
pittsburgh,2021.0,3.0
pittsburgh,2021.0,4.0
pittsburgh,2021.0,5.0
pittsburgh,2021.0,6.0
pittsburgh,2021.0,6.0
pittsburgh,2021.0,7.0
pittsburgh,2020.0,7.0
pittsburgh,2019.0,5.0
pittsburgh,2018.0,2.0
pittsburgh,2018.0,4.0
pittsburgh,2018.0,4.0
pittsburgh,2017.0,3.0
pittsburgh,2017.0,4.0
pittsburgh,2017.0,5.0
pittsburgh,2017.0,6.0
pittsburgh,2017.0,7.0
pittsburgh,2016.0,2.0
pittsburgh,2015.0,4.0
pittsburgh,2014.0,1.0
pittsburgh,2014.0,4.0
pittsburgh,2014.0,5.0
syracuse,2021.0,3.0
syracuse,2021.0,3.0
syracuse,2020.0,5.0
syracuse,2020.0,7.0
syracuse,2019.0,7.0
syracuse,2018.0,7.0
syracuse,2016.0,7.0
syracuse,2014.0,3.0
syracuse,2014.0,5.0
syracuse,2013.0,1.0
syracuse,2013.0,4.0
syracuse,2013.0,4.0
syracuse,2012.0,1.0
syracuse,2012.0,6.0
virginia,2020.0,5.0
virginia,2020.0,5.0
virginia,2019.0,2.0
virginia,2019.0,6.0
virginia,2018.0,5.0
virginia,2018.0,5.0
virginia,2016.0,6.0
virginia,2015.0,3.0
virginia,2015.0,6.0
virginia,2014.0,3.0
virginia,2014.0,4.0
virginia,2014.0,6.0
virginia,2013.0,5.0
virginia,2012.0,7.0
virginia-tech,2021.0,1.0
virginia-tech,2021.0,1.0
virginia-tech,2021.0,3.0
virginia-tech,2021.0,6.0
virginia-tech,2020.0,3.0
virginia-tech,2018.0,1.0
virginia-tech,2018.0,1.0
virginia-tech,2018.0,5.0
virginia-tech,2018.0,5.0
virginia-tech,2018.0,7.0
virginia-tech,2017.0,6.0
virginia-tech,2017.0,6.0
virginia-tech,2017.0,6.0
virginia-tech,2017.0,7.0
virginia-tech,2016.0,3.0
virginia-tech,2016.0,6.0
virginia-tech,2015.0,6.0
virginia-tech,2015.0,7.0
virginia-tech,2014.0,1.0
virginia-tech,2014.0,4.0
virginia-tech,2014.0,6.0
virginia-tech,2013.0,6.0
virginia-tech,2013.0,6.0
virginia-tech,2012.0,1.0
virginia-tech,2012.0,3.0
virginia-tech,2012.0,5.0
wake-forest,2021.0,2.0
wake-forest,2020.0,5.0
wake-forest,2020.0,6.0
wake-forest,2019.0,4.0
wake-forest,2018.0,2.0
wake-forest,2018.0,6.0
wake-forest,2017.0,5.0
wake-forest,2015.0,1.0
wake-forest,2014.0,7.0
wake-forest,2013.0,7.0
wake-forest,2012.0,4.0
wake-forest,2012.0,4.0
wake-forest,2012.0,4.0
wake-forest,2012.0,6.0
baylor,2021.0,7.0
baylor,2020.0,2.0
baylor,2020.0,4.0
baylor,2020.0,6.0
baylor,2020.0,7.0
baylor,2019.0,3.0
baylor,2017.0,7.0
baylor,2016.0,1.0
baylor,2016.0,2.0
baylor,2016.0,4.0
baylor,2016.0,5.0
baylor,2016.0,6.0
baylor,2015.0,4.0
baylor,2015.0,7.0
baylor,2014.0,5.0
baylor,2014.0,6.0
baylor,2014.0,6.0
baylor,2014.0,7.0
baylor,2014.0,7.0
baylor,2013.0,3.0
baylor,2012.0,1.0
baylor,2012.0,1.0
baylor,2012.0,4.0
baylor,2012.0,6.0
baylor,2012.0,6.0
iowa-state,2021.0,4.0
iowa-state,2019.0,3.0
iowa-state,2019.0,4.0
iowa-state,2014.0,5.0
iowa-state,2013.0,5.0
iowa-state,2013.0,7.0
iowa-state,2012.0,2.0
kansas,2020.0,6.0
kansas,2018.0,4.0
kansas,2015.0,5.0
kansas,2015.0,6.0
kansas,2015.0,7.0
kansas,2015.0,7.0
kansas,2013.0,5.0
kansas-state,2021.0,7.0
kansas-state,2019.0,2.0
kansas-state,2019.0,6.0
kansas-state,2018.0,5.0
kansas-state,2017.0,3.0
kansas-state,2017.0,7.0
kansas-state,2016.0,2.0
kansas-state,2015.0,3.0
kansas-state,2015.0,6.0
kansas-state,2014.0,6.0
kansas-state,2013.0,2.0
kansas-state,2013.0,4.0
kansas-state,2013.0,6.0
kansas-state,2012.0,7.0
oklahoma,2021.0,2.0
oklahoma,2021.0,3.0
oklahoma,2021.0,4.0
oklahoma,2021.0,4.0
oklahoma,2021.0,7.0
oklahoma,2020.0,1.0
oklahoma,2020.0,1.0
oklahoma,2020.0,2.0
oklahoma,2020.0,3.0
oklahoma,2019.0,1.0
oklahoma,2019.0,1.0
oklahoma,2019.0,2.0
oklahoma,2019.0,3.0
oklahoma,2019.0,4.0
oklahoma,2019.0,4.0
oklahoma,2019.0,5.0
oklahoma,2019.0,6.0
oklahoma,2018.0,1.0
oklahoma,2018.0,3.0
oklahoma,2018.0,3.0
oklahoma,2018.0,5.0
oklahoma,2017.0,2.0
oklahoma,2017.0,4.0
oklahoma,2017.0,4.0
oklahoma,2017.0,6.0
oklahoma,2016.0,2.0
oklahoma,2016.0,4.0
oklahoma,2016.0,5.0
oklahoma,2016.0,6.0
oklahoma,2015.0,2.0
oklahoma,2015.0,2.0
oklahoma,2015.0,3.0
oklahoma,2015.0,4.0
oklahoma,2015.0,4.0
oklahoma,2015.0,6.0
oklahoma,2015.0,6.0
oklahoma,2014.0,4.0
oklahoma,2014.0,4.0
oklahoma,2014.0,7.0
oklahoma,2014.0,7.0
oklahoma,2013.0,1.0
oklahoma,2013.0,4.0
oklahoma,2013.0,5.0
oklahoma,2013.0,6.0
oklahoma,2013.0,6.0
oklahoma,2013.0,7.0
oklahoma,2012.0,2.0
oklahoma,2012.0,3.0
oklahoma,2012.0,3.0
oklahoma,2012.0,4.0
oklahoma,2012.0,4.0
oklahoma,2012.0,6.0
oklahoma,2012.0,7.0
oklahoma-state,2021.0,2.0
oklahoma-state,2021.0,4.0
oklahoma-state,2021.0,4.0
oklahoma-state,2021.0,6.0
oklahoma-state,2019.0,4.0
oklahoma-state,2019.0,7.0
oklahoma-state,2018.0,2.0
oklahoma-state,2018.0,3.0
oklahoma-state,2018.0,5.0
oklahoma-state,2018.0,7.0
oklahoma-state,2017.0,6.0
oklahoma-state,2017.0,7.0
oklahoma-state,2016.0,2.0
oklahoma-state,2015.0,7.0
oklahoma-state,2014.0,1.0
oklahoma-state,2013.0,5.0
oklahoma-state,2012.0,1.0
oklahoma-state,2012.0,1.0
oklahoma-state,2012.0,6.0
tcu,2021.0,2.0
tcu,2021.0,5.0
tcu,2020.0,1.0
tcu,2020.0,1.0
tcu,2020.0,2.0
tcu,2020.0,3.0
tcu,2020.0,7.0
tcu,2019.0,1.0
tcu,2019.0,2.0
tcu,2019.0,7.0
tcu,2018.0,3.0
tcu,2018.0,6.0
tcu,2018.0,7.0
tcu,2017.0,7.0
tcu,2016.0,1.0
tcu,2016.0,4.0
tcu,2016.0,5.0
tcu,2016.0,6.0
tcu,2016.0,6.0
tcu,2015.0,3.0
tcu,2015.0,6.0
tcu,2014.0,1.0
tcu,2013.0,4.0
tcu,2013.0,5.0
tcu,2012.0,5.0
tcu,2012.0,7.0
texas,2021.0,2.0
texas,2021.0,3.0
texas,2021.0,5.0
texas,2021.0,5.0
texas,2021.0,6.0
texas,2020.0,3.0
texas,2020.0,3.0
texas,2020.0,5.0
texas,2019.0,5.0
texas,2019.0,7.0
texas,2018.0,2.0
texas,2018.0,3.0
texas,2018.0,5.0
texas,2018.0,6.0
texas,2017.0,3.0
texas,2016.0,4.0
texas,2015.0,1.0
texas,2015.0,3.0
texas,2015.0,5.0
texas,2015.0,6.0
texas,2015.0,7.0
texas,2013.0,1.0
texas,2013.0,3.0
texas,2013.0,4.0
texas,2012.0,4.0
texas,2012.0,6.0
texas,2012.0,7.0
texas-tech,2021.0,4.0
texas-tech,2021.0,7.0
texas-tech,2020.0,1.0
texas-tech,2020.0,5.0
texas-tech,2019.0,7.0
texas-tech,2018.0,4.0
texas-tech,2018.0,6.0
texas-tech,2017.0,1.0
texas-tech,2016.0,3.0
texas-tech,2016.0,5.0
texas-tech,2016.0,6.0
texas-tech,2014.0,2.0
texas-tech,2014.0,7.0
west-virginia,2021.0,5.0
west-virginia,2020.0,5.0
west-virginia,2020.0,5.0
west-virginia,2019.0,3.0
west-virginia,2019.0,3.0
west-virginia,2019.0,4.0
west-virginia,2019.0,4.0
west-virginia,2019.0,6.0
west-virginia,2018.0,4.0
west-virginia,2017.0,3.0
west-virginia,2017.0,5.0
west-virginia,2016.0,1.0
west-virginia,2016.0,3.0
west-virginia,2016.0,4.0
west-virginia,2016.0,5.0
west-virginia,2016.0,5.0
west-virginia,2015.0,1.0
west-virginia,2015.0,4.0
west-virginia,2015.0,5.0
west-virginia,2015.0,7.0
west-virginia,2014.0,3.0
west-virginia,2014.0,3.0
west-virginia,2013.0,1.0
west-virginia,2013.0,2.0
west-virginia,2013.0,3.0
west-virginia,2012.0,1.0
west-virginia,2012.0,5.0
west-virginia,2012.0,6.0
illinois,2021.0,3.0
illinois,2021.0,5.0
illinois,2019.0,7.0
illinois,2017.0,3.0
illinois,2016.0,2.0
illinois,2016.0,6.0
illinois,2016.0,7.0
illinois,2013.0,3.0
illinois,2013.0,4.0
illinois,2013.0,5.0
illinois,2013.0,7.0
illinois,2012.0,1.0
illinois,2012.0,1.0
illinois,2012.0,2.0
illinois,2012.0,2.0
indiana,2021.0,5.0
indiana,2020.0,6.0
indiana,2019.0,4.0
indiana,2018.0,4.0
indiana,2018.0,6.0
indiana,2017.0,3.0
indiana,2016.0,2.0
indiana,2016.0,5.0
indiana,2016.0,6.0
indiana,2015.0,3.0
indiana,2014.0,2.0
indiana,2014.0,7.0
iowa,2021.0,3.0
iowa,2021.0,5.0
iowa,2021.0,5.0
iowa,2021.0,6.0
iowa,2020.0,1.0
iowa,2020.0,2.0
iowa,2020.0,3.0
iowa,2020.0,7.0
iowa,2020.0,7.0
iowa,2019.0,1.0
iowa,2019.0,1.0
iowa,2019.0,4.0
iowa,2019.0,4.0
iowa,2018.0,2.0
iowa,2018.0,2.0
iowa,2018.0,4.0
iowa,2017.0,3.0
iowa,2017.0,4.0
iowa,2017.0,5.0
iowa,2017.0,5.0
iowa,2016.0,7.0
iowa,2015.0,1.0
iowa,2015.0,3.0
iowa,2015.0,4.0
iowa,2014.0,3.0
iowa,2014.0,3.0
iowa,2014.0,4.0
iowa,2013.0,5.0
iowa,2012.0,1.0
iowa,2012.0,4.0
iowa,2012.0,5.0
iowa,2012.0,5.0
iowa,2012.0,6.0
iowa,2012.0,7.0
maryland,2021.0,7.0
maryland,2020.0,4.0
maryland,2020.0,6.0
maryland,2019.0,1.0
maryland,2019.0,5.0
maryland,2019.0,6.0
maryland,2019.0,7.0
maryland,2018.0,1.0
maryland,2018.0,5.0
maryland,2016.0,2.0
maryland,2016.0,3.0
maryland,2016.0,5.0
maryland,2015.0,5.0
maryland,2015.0,6.0
maryland,2014.0,3.0
maryland,2013.0,7.0
michigan-state,2020.0,4.0
michigan-state,2020.0,7.0
michigan-state,2019.0,3.0
michigan-state,2019.0,4.0
michigan-state,2018.0,4.0
michigan-state,2017.0,2.0
michigan-state,2017.0,4.0
michigan-state,2016.0,1.0
michigan-state,2016.0,3.0
michigan-state,2016.0,4.0
michigan-state,2016.0,6.0
michigan-state,2016.0,7.0
michigan-state,2015.0,1.0
michigan-state,2015.0,4.0
michigan-state,2015.0,5.0
michigan-state,2015.0,5.0
michigan-state,2014.0,1.0
michigan-state,2013.0,2.0
michigan-state,2013.0,4.0
michigan-state,2013.0,4.0
michigan-state,2012.0,2.0
michigan-state,2012.0,4.0
michigan-state,2012.0,4.0
michigan-state,2012.0,6.0
michigan-state,2012.0,6.0
michigan-state,2012.0,7.0
michigan,2021.0,1.0
michigan,2021.0,3.0
michigan,2021.0,3.0
michigan,2021.0,3.0
michigan,2021.0,5.0
michigan,2021.0,5.0
michigan,2021.0,6.0
michigan,2021.0,6.0
michigan,2020.0,1.0
michigan,2020.0,2.0
michigan,2020.0,4.0
michigan,2020.0,5.0
michigan,2020.0,5.0
michigan,2020.0,6.0
michigan,2020.0,6.0
michigan,2020.0,6.0
michigan,2020.0,6.0
michigan,2020.0,6.0
michigan,2019.0,1.0
michigan,2019.0,1.0
michigan,2019.0,3.0
michigan,2019.0,3.0
michigan,2019.0,5.0
michigan,2018.0,3.0
michigan,2018.0,5.0
michigan,2017.0,1.0
michigan,2017.0,1.0
michigan,2017.0,3.0
michigan,2017.0,3.0
michigan,2017.0,3.0
michigan,2017.0,3.0
michigan,2017.0,4.0
michigan,2017.0,4.0
michigan,2017.0,4.0
michigan,2017.0,5.0
michigan,2017.0,6.0
michigan,2016.0,3.0
michigan,2016.0,4.0
michigan,2016.0,6.0
michigan,2015.0,2.0
michigan,2015.0,2.0
michigan,2015.0,4.0
michigan,2014.0,1.0
michigan,2014.0,3.0
michigan,2014.0,7.0
michigan,2013.0,5.0
michigan,2013.0,6.0
michigan,2012.0,3.0
michigan,2012.0,7.0
michigan,2012.0,7.0
minnesota,2021.0,1.0
minnesota,2021.0,3.0
minnesota,2020.0,2.0
minnesota,2020.0,5.0
minnesota,2020.0,5.0
minnesota,2020.0,7.0
minnesota,2020.0,7.0
minnesota,2019.0,5.0
minnesota,2017.0,7.0
minnesota,2016.0,4.0
minnesota,2016.0,4.0
minnesota,2015.0,2.0
minnesota,2015.0,4.0
minnesota,2015.0,5.0
minnesota,2015.0,5.0
minnesota,2014.0,2.0
minnesota,2014.0,4.0
nebraska,2021.0,5.0
nebraska,2021.0,7.0
nebraska,2020.0,6.0
nebraska,2020.0,7.0
nebraska,2018.0,6.0
nebraska,2017.0,5.0
nebraska,2016.0,3.0
nebraska,2016.0,3.0
nebraska,2016.0,4.0
nebraska,2016.0,6.0
nebraska,2015.0,2.0
nebraska,2015.0,2.0
nebraska,2015.0,5.0
nebraska,2014.0,2.0
nebraska,2014.0,3.0
nebraska,2014.0,6.0
nebraska,2013.0,6.0
nebraska,2013.0,7.0
nebraska,2012.0,2.0
nebraska,2012.0,4.0
nebraska,2012.0,7.0
nebraska,2012.0,7.0
northwestern,2021.0,1.0
northwestern,2021.0,1.0
northwestern,2021.0,5.0
northwestern,2019.0,5.0
northwestern,2018.0,7.0
northwestern,2017.0,5.0
northwestern,2017.0,7.0
northwestern,2016.0,4.0
northwestern,2016.0,6.0
northwestern,2015.0,4.0
northwestern,2015.0,7.0
northwestern,2012.0,7.0
northwestern,2012.0,7.0
ohio-state,2021.0,1.0
ohio-state,2021.0,2.0
ohio-state,2021.0,2.0
ohio-state,2021.0,3.0
ohio-state,2021.0,3.0
ohio-state,2021.0,3.0
ohio-state,2021.0,4.0
ohio-state,2021.0,5.0
ohio-state,2021.0,5.0
ohio-state,2021.0,7.0
ohio-state,2020.0,1.0
ohio-state,2020.0,1.0
ohio-state,2020.0,1.0
ohio-state,2020.0,2.0
ohio-state,2020.0,3.0
ohio-state,2020.0,3.0
ohio-state,2020.0,3.0
ohio-state,2020.0,6.0
ohio-state,2020.0,7.0
ohio-state,2020.0,7.0
ohio-state,2019.0,1.0
ohio-state,2019.0,1.0
ohio-state,2019.0,2.0
ohio-state,2019.0,3.0
ohio-state,2019.0,3.0
ohio-state,2019.0,4.0
ohio-state,2019.0,4.0
ohio-state,2019.0,6.0
ohio-state,2019.0,7.0
ohio-state,2018.0,1.0
ohio-state,2018.0,1.0
ohio-state,2018.0,2.0
ohio-state,2018.0,3.0
ohio-state,2018.0,3.0
ohio-state,2018.0,4.0
ohio-state,2018.0,5.0
ohio-state,2017.0,1.0
ohio-state,2017.0,1.0
ohio-state,2017.0,1.0
ohio-state,2017.0,2.0
ohio-state,2017.0,2.0
ohio-state,2017.0,3.0
ohio-state,2017.0,7.0
ohio-state,2016.0,1.0
ohio-state,2016.0,1.0
ohio-state,2016.0,1.0
ohio-state,2016.0,1.0
ohio-state,2016.0,1.0
ohio-state,2016.0,2.0
ohio-state,2016.0,2.0
ohio-state,2016.0,3.0
ohio-state,2016.0,3.0
ohio-state,2016.0,3.0
ohio-state,2016.0,4.0
ohio-state,2016.0,4.0
ohio-state,2015.0,2.0
ohio-state,2015.0,3.0
ohio-state,2015.0,4.0
ohio-state,2015.0,6.0
ohio-state,2015.0,6.0
ohio-state,2014.0,1.0
ohio-state,2014.0,1.0
ohio-state,2014.0,2.0
ohio-state,2014.0,2.0
ohio-state,2014.0,5.0
ohio-state,2014.0,7.0
ohio-state,2013.0,2.0
ohio-state,2013.0,4.0
ohio-state,2013.0,7.0
ohio-state,2012.0,2.0
ohio-state,2012.0,3.0
ohio-state,2012.0,6.0
ohio-state,2012.0,6.0
penn-state,2021.0,1.0
penn-state,2021.0,1.0
penn-state,2021.0,2.0
penn-state,2021.0,7.0
penn-state,2021.0,7.0
penn-state,2021.0,7.0
penn-state,2020.0,2.0
penn-state,2020.0,2.0
penn-state,2020.0,4.0
penn-state,2020.0,6.0
penn-state,2020.0,6.0
penn-state,2019.0,2.0
penn-state,2019.0,3.0
penn-state,2019.0,4.0
penn-state,2019.0,5.0
penn-state,2019.0,6.0
penn-state,2019.0,7.0
penn-state,2018.0,1.0
penn-state,2018.0,2.0
penn-state,2018.0,4.0
penn-state,2018.0,4.0
penn-state,2018.0,5.0
penn-state,2018.0,6.0
penn-state,2017.0,3.0
penn-state,2016.0,2.0
penn-state,2016.0,2.0
penn-state,2016.0,3.0
penn-state,2016.0,6.0
penn-state,2016.0,6.0
penn-state,2015.0,2.0
penn-state,2015.0,5.0
penn-state,2015.0,5.0
penn-state,2014.0,2.0
penn-state,2014.0,4.0
penn-state,2014.0,5.0
penn-state,2013.0,3.0
penn-state,2013.0,4.0
penn-state,2013.0,7.0
penn-state,2012.0,2.0
penn-state,2012.0,5.0
penn-state,2012.0,5.0
penn-state,2012.0,7.0
purdue,2021.0,2.0
purdue,2021.0,4.0
purdue,2020.0,4.0
purdue,2020.0,7.0
purdue,2018.0,5.0
purdue,2017.0,5.0
purdue,2016.0,6.0
purdue,2015.0,5.0
purdue,2014.0,5.0
purdue,2014.0,5.0
purdue,2013.0,2.0
purdue,2012.0,5.0
purdue,2012.0,6.0
rutgers,2019.0,6.0
rutgers,2019.0,6.0
rutgers,2018.0,2.0
rutgers,2018.0,6.0
rutgers,2016.0,3.0
rutgers,2015.0,3.0
rutgers,2015.0,5.0
rutgers,2013.0,3.0
rutgers,2013.0,3.0
rutgers,2013.0,4.0
rutgers,2013.0,7.0
rutgers,2013.0,7.0
rutgers,2013.0,7.0
rutgers,2013.0,7.0
rutgers,2012.0,3.0
wisconsin,2021.0,5.0
wisconsin,2021.0,6.0
wisconsin,2021.0,6.0
wisconsin,2020.0,2.0
wisconsin,2020.0,3.0
wisconsin,2020.0,4.0
wisconsin,2020.0,5.0
wisconsin,2019.0,3.0
wisconsin,2019.0,5.0
wisconsin,2019.0,5.0
wisconsin,2019.0,5.0
wisconsin,2018.0,4.0
wisconsin,2018.0,5.0
wisconsin,2018.0,5.0
wisconsin,2018.0,6.0
wisconsin,2018.0,7.0
wisconsin,2017.0,1.0
wisconsin,2017.0,1.0
wisconsin,2017.0,4.0
wisconsin,2016.0,4.0
wisconsin,2016.0,6.0
wisconsin,2015.0,1.0
wisconsin,2015.0,2.0
wisconsin,2014.0,3.0
wisconsin,2014.0,3.0
wisconsin,2014.0,4.0
wisconsin,2014.0,5.0
wisconsin,2014.0,7.0
wisconsin,2013.0,1.0
wisconsin,2013.0,2.0
wisconsin,2013.0,5.0
wisconsin,2012.0,1.0
wisconsin,2012.0,2.0
wisconsin,2012.0,3.0
wisconsin,2012.0,4.0
wisconsin,2012.0,5.0
wisconsin,2012.0,6.0
arizona-state,2021.0,6.0
arizona-state,2020.0,1.0
arizona-state,2020.0,7.0
arizona-state,2019.0,1.0
arizona-state,2019.0,4.0
arizona-state,2018.0,4.0
arizona-state,2018.0,6.0
arizona-state,2018.0,6.0
arizona-state,2017.0,7.0
arizona-state,2016.0,5.0
arizona-state,2016.0,7.0
arizona-state,2015.0,1.0
arizona-state,2015.0,3.0
arizona-state,2015.0,4.0
arizona-state,2015.0,4.0
arizona-state,2014.0,3.0
arizona-state,2014.0,4.0
arizona-state,2014.0,6.0
arizona-state,2012.0,2.0
arizona-state,2012.0,4.0
arizona,2021.0,6.0
arizona,2021.0,6.0
arizona,2019.0,7.0
arizona,2018.0,5.0
arizona,2016.0,6.0
arizona,2016.0,7.0
arizona,2014.0,4.0
arizona,2014.0,5.0
arizona,2014.0,6.0
arizona,2012.0,3.0
arizona,2012.0,5.0
arizona,2012.0,7.0
california,2021.0,4.0
california,2020.0,3.0
california,2020.0,4.0
california,2020.0,6.0
california,2018.0,7.0
california,2018.0,7.0
california,2017.0,3.0
california,2017.0,4.0
california,2017.0,7.0
california,2016.0,1.0
california,2016.0,5.0
california,2016.0,7.0
california,2016.0,7.0
california,2014.0,3.0
california,2014.0,4.0
california,2013.0,3.0
california,2013.0,4.0
california,2013.0,5.0
california,2013.0,7.0
california,2012.0,2.0
california,2012.0,2.0
california,2012.0,3.0
california,2012.0,5.0
california,2012.0,7.0
california,2012.0,7.0
colorado,2021.0,6.0
colorado,2020.0,2.0
colorado,2020.0,3.0
colorado,2020.0,7.0
colorado,2019.0,6.0
colorado,2018.0,2.0
colorado,2017.0,2.0
colorado,2017.0,3.0
colorado,2017.0,4.0
colorado,2017.0,7.0
colorado,2014.0,2.0
colorado,2013.0,4.0
colorado,2013.0,6.0
colorado,2012.0,5.0
colorado,2012.0,7.0
oregon,2021.0,1.0
oregon,2021.0,2.0
oregon,2021.0,5.0
oregon,2021.0,6.0
oregon,2021.0,6.0
oregon,2020.0,1.0
oregon,2020.0,4.0
oregon,2020.0,5.0
oregon,2020.0,6.0
oregon,2019.0,4.0
oregon,2019.0,5.0
oregon,2019.0,7.0
oregon,2019.0,7.0
oregon,2018.0,3.0
oregon,2018.0,5.0
oregon,2016.0,1.0
oregon,2016.0,7.0
oregon,2015.0,1.0
oregon,2015.0,1.0
oregon,2015.0,2.0
oregon,2015.0,3.0
oregon,2015.0,7.0
oregon,2014.0,3.0
oregon,2014.0,4.0
oregon,2014.0,5.0
oregon,2014.0,7.0
oregon,2013.0,1.0
oregon,2013.0,1.0
oregon,2013.0,2.0
oregon,2013.0,6.0
oregon,2013.0,6.0
oregon,2012.0,2.0
oregon,2012.0,5.0
oregon,2012.0,6.0
oregon,2012.0,7.0
oregon-state,2021.0,3.0
oregon-state,2021.0,7.0
oregon-state,2020.0,6.0
oregon-state,2020.0,6.0
oregon-state,2020.0,6.0
oregon-state,2017.0,4.0
oregon-state,2017.0,5.0
oregon-state,2016.0,3.0
oregon-state,2015.0,3.0
oregon-state,2015.0,3.0
oregon-state,2015.0,5.0
oregon-state,2015.0,6.0
oregon-state,2015.0,7.0
oregon-state,2014.0,1.0
oregon-state,2014.0,3.0
oregon-state,2013.0,3.0
oregon-state,2013.0,7.0
oregon-state,2012.0,3.0
stanford,2021.0,2.0
stanford,2021.0,3.0
stanford,2021.0,3.0
stanford,2021.0,4.0
stanford,2021.0,5.0
stanford,2020.0,4.0
stanford,2020.0,7.0
stanford,2019.0,2.0
stanford,2019.0,3.0
stanford,2019.0,4.0
stanford,2019.0,5.0
stanford,2019.0,6.0
stanford,2018.0,3.0
stanford,2018.0,3.0
stanford,2018.0,4.0
stanford,2018.0,6.0
stanford,2017.0,1.0
stanford,2017.0,1.0
stanford,2016.0,1.0
stanford,2016.0,3.0
stanford,2016.0,4.0
stanford,2016.0,5.0
stanford,2016.0,6.0
stanford,2015.0,1.0
stanford,2015.0,2.0
stanford,2015.0,3.0
stanford,2015.0,3.0
stanford,2015.0,3.0
stanford,2015.0,5.0
stanford,2014.0,2.0
stanford,2014.0,4.0
stanford,2014.0,5.0
stanford,2014.0,5.0
stanford,2014.0,6.0
stanford,2014.0,7.0
stanford,2013.0,2.0
stanford,2013.0,4.0
stanford,2013.0,5.0
stanford,2012.0,1.0
stanford,2012.0,1.0
stanford,2012.0,2.0
stanford,2012.0,2.0
ucla,2021.0,3.0
ucla,2021.0,6.0
ucla,2020.0,3.0
ucla,2020.0,4.0
ucla,2020.0,4.0
ucla,2019.0,7.0
ucla,2018.0,1.0
ucla,2018.0,1.0
ucla,2018.0,4.0
ucla,2018.0,5.0
ucla,2018.0,5.0
ucla,2017.0,1.0
ucla,2017.0,3.0
ucla,2017.0,3.0
ucla,2017.0,5.0
ucla,2017.0,6.0
ucla,2016.0,1.0
ucla,2016.0,2.0
ucla,2016.0,5.0
ucla,2016.0,5.0
ucla,2016.0,5.0
ucla,2016.0,7.0
ucla,2016.0,7.0
ucla,2016.0,7.0
ucla,2015.0,2.0
ucla,2015.0,3.0
ucla,2015.0,5.0
ucla,2014.0,1.0
ucla,2014.0,2.0
ucla,2014.0,4.0
ucla,2014.0,4.0
ucla,2014.0,6.0
ucla,2013.0,1.0
ucla,2013.0,4.0
ucla,2013.0,5.0
ucla,2013.0,6.0
usc,2021.0,1.0
usc,2021.0,4.0
usc,2021.0,4.0
usc,2021.0,5.0
usc,2021.0,6.0
usc,2020.0,1.0
usc,2020.0,2.0
usc,2019.0,3.0
usc,2019.0,4.0
usc,2019.0,5.0
usc,2019.0,5.0
usc,2018.0,1.0
usc,2018.0,2.0
usc,2018.0,2.0
usc,2018.0,3.0
usc,2017.0,1.0
usc,2017.0,2.0
usc,2017.0,4.0
usc,2017.0,6.0
usc,2017.0,7.0
usc,2016.0,2.0
usc,2016.0,3.0
usc,2016.0,3.0
usc,2016.0,6.0
usc,2015.0,1.0
usc,2015.0,1.0
usc,2015.0,4.0
usc,2015.0,4.0
usc,2015.0,6.0
usc,2015.0,7.0
usc,2014.0,2.0
usc,2014.0,3.0
usc,2014.0,5.0
usc,2013.0,2.0
usc,2013.0,3.0
usc,2013.0,4.0
usc,2013.0,4.0
usc,2012.0,1.0
usc,2012.0,1.0
usc,2012.0,4.0
utah,2020.0,2.0
utah,2020.0,3.0
utah,2020.0,3.0
utah,2020.0,3.0
utah,2020.0,4.0
utah,2020.0,5.0
utah,2020.0,6.0
utah,2019.0,2.0
utah,2019.0,3.0
utah,2019.0,4.0
utah,2019.0,5.0
utah,2019.0,7.0
utah,2018.0,6.0
utah,2017.0,1.0
utah,2017.0,2.0
utah,2017.0,4.0
utah,2017.0,5.0
utah,2017.0,5.0
utah,2017.0,5.0
utah,2017.0,6.0
utah,2017.0,6.0
utah,2016.0,4.0
utah,2015.0,2.0
utah,2015.0,2.0
utah,2015.0,3.0
utah,2015.0,6.0
utah,2014.0,4.0
utah,2014.0,7.0
utah,2013.0,1.0
utah,2013.0,7.0
utah,2012.0,3.0
washington,2021.0,1.0
washington,2021.0,2.0
washington,2021.0,3.0
washington,2021.0,5.0
washington,2020.0,4.0
washington,2020.0,5.0
washington,2019.0,1.0
washington,2019.0,2.0
washington,2019.0,2.0
washington,2019.0,2.0
washington,2019.0,4.0
washington,2019.0,5.0
washington,2019.0,5.0
washington,2019.0,7.0
washington,2018.0,1.0
washington,2018.0,2.0
washington,2018.0,4.0
washington,2018.0,6.0
washington,2018.0,6.0
washington,2017.0,1.0
washington,2017.0,2.0
washington,2017.0,2.0
washington,2017.0,2.0
washington,2017.0,6.0
washington,2016.0,6.0
washington,2016.0,7.0
washington,2015.0,1.0
washington,2015.0,1.0
washington,2015.0,1.0
washington,2015.0,2.0
washington,2014.0,2.0
washington,2014.0,2.0
washington,2013.0,1.0
washington,2012.0,4.0
washington,2012.0,5.0
washington-state,2020.0,6.0
washington-state,2019.0,1.0
washington-state,2019.0,6.0
washington-state,2018.0,5.0
washington-state,2018.0,6.0
washington-state,2017.0,7.0
washington-state,2016.0,5.0
washington-state,2015.0,3.0
washington-state,2015.0,4.0
washington-state,2014.0,1.0
washington-state,2013.0,7.0
alabama,2021.0,1.0
alabama,2021.0,1.0
alabama,2021.0,1.0
alabama,2021.0,1.0
alabama,2021.0,1.0
alabama,2021.0,1.0
alabama,2021.0,2.0
alabama,2021.0,2.0
alabama,2021.0,6.0
alabama,2021.0,6.0
alabama,2020.0,1.0
alabama,2020.0,1.0
alabama,2020.0,1.0
alabama,2020.0,1.0
alabama,2020.0,2.0
alabama,2020.0,2.0
alabama,2020.0,2.0
alabama,2020.0,3.0
alabama,2020.0,3.0
alabama,2019.0,1.0
alabama,2019.0,1.0
alabama,2019.0,1.0
alabama,2019.0,2.0
alabama,2019.0,3.0
alabama,2019.0,4.0
alabama,2019.0,5.0
alabama,2019.0,5.0
alabama,2019.0,5.0
alabama,2019.0,6.0
alabama,2018.0,1.0
alabama,2018.0,1.0
alabama,2018.0,1.0
alabama,2018.0,1.0
alabama,2018.0,3.0
alabama,2018.0,4.0
alabama,2018.0,4.0
alabama,2018.0,5.0
alabama,2018.0,6.0
alabama,2018.0,6.0
alabama,2018.0,7.0
alabama,2018.0,7.0
alabama,2017.0,1.0
alabama,2017.0,1.0
alabama,2017.0,1.0
alabama,2017.0,1.0
alabama,2017.0,2.0
alabama,2017.0,2.0
alabama,2017.0,2.0
alabama,2017.0,3.0
alabama,2017.0,3.0
alabama,2017.0,4.0
alabama,2016.0,1.0
alabama,2016.0,2.0
alabama,2016.0,2.0
alabama,2016.0,2.0
alabama,2016.0,2.0
alabama,2016.0,2.0
alabama,2016.0,3.0
alabama,2015.0,1.0
alabama,2015.0,2.0
alabama,2015.0,2.0
alabama,2015.0,4.0
alabama,2015.0,4.0
alabama,2015.0,7.0
alabama,2015.0,7.0
alabama,2014.0,1.0
alabama,2014.0,1.0
alabama,2014.0,2.0
alabama,2014.0,4.0
alabama,2014.0,5.0
alabama,2014.0,5.0
alabama,2014.0,5.0
alabama,2014.0,6.0
alabama,2013.0,1.0
alabama,2013.0,1.0
alabama,2013.0,1.0
alabama,2013.0,2.0
alabama,2013.0,4.0
alabama,2013.0,4.0
alabama,2013.0,5.0
alabama,2013.0,5.0
alabama,2013.0,7.0
alabama,2012.0,1.0
alabama,2012.0,1.0
alabama,2012.0,1.0
alabama,2012.0,1.0
alabama,2012.0,2.0
alabama,2012.0,5.0
alabama,2012.0,5.0
alabama,2012.0,7.0
arkansas,2021.0,6.0
arkansas,2020.0,3.0
arkansas,2020.0,7.0
arkansas,2019.0,4.0
arkansas,2019.0,5.0
arkansas,2019.0,6.0
arkansas,2018.0,1.0
arkansas,2018.0,7.0
arkansas,2017.0,4.0
arkansas,2017.0,5.0
arkansas,2017.0,6.0
arkansas,2016.0,2.0
arkansas,2016.0,5.0
arkansas,2016.0,5.0
arkansas,2016.0,6.0
arkansas,2016.0,6.0
arkansas,2015.0,4.0
arkansas,2015.0,5.0
arkansas,2015.0,6.0
arkansas,2015.0,6.0
arkansas,2015.0,6.0
arkansas,2014.0,3.0
arkansas,2014.0,5.0
arkansas,2014.0,7.0
arkansas,2014.0,7.0
arkansas,2013.0,3.0
arkansas,2013.0,4.0
arkansas,2013.0,6.0
arkansas,2013.0,7.0
arkansas,2012.0,3.0
arkansas,2012.0,4.0
arkansas,2012.0,4.0
arkansas,2012.0,4.0
auburn,2021.0,3.0
auburn,2021.0,5.0
auburn,2021.0,5.0
auburn,2021.0,6.0
auburn,2020.0,1.0
auburn,2020.0,1.0
auburn,2020.0,2.0
auburn,2020.0,4.0
auburn,2020.0,5.0
auburn,2020.0,6.0
auburn,2019.0,3.0
auburn,2019.0,4.0
auburn,2019.0,5.0
auburn,2019.0,6.0
auburn,2019.0,7.0
auburn,2019.0,7.0
auburn,2018.0,2.0
auburn,2018.0,2.0
auburn,2018.0,2.0
auburn,2018.0,5.0
auburn,2017.0,3.0
auburn,2017.0,4.0
auburn,2017.0,6.0
auburn,2017.0,7.0
auburn,2016.0,3.0
auburn,2016.0,4.0
auburn,2016.0,6.0
auburn,2015.0,3.0
auburn,2015.0,4.0
auburn,2015.0,4.0
auburn,2015.0,5.0
auburn,2015.0,5.0
auburn,2014.0,1.0
auburn,2014.0,1.0
auburn,2014.0,3.0
auburn,2014.0,6.0
auburn,2013.0,3.0
auburn,2012.0,4.0
florida,2021.0,1.0
florida,2021.0,1.0
florida,2021.0,2.0
florida,2021.0,4.0
florida,2021.0,5.0
florida,2021.0,5.0
florida,2021.0,5.0
florida,2021.0,6.0
florida,2020.0,1.0
florida,2020.0,2.0
florida,2020.0,3.0
florida,2020.0,3.0
florida,2020.0,4.0
florida,2020.0,6.0
florida,2020.0,7.0
florida,2019.0,2.0
florida,2019.0,3.0
florida,2019.0,4.0
florida,2019.0,5.0
florida,2019.0,5.0
florida,2018.0,1.0
florida,2018.0,2.0
florida,2018.0,4.0
florida,2018.0,5.0
florida,2018.0,6.0
florida,2017.0,1.0
florida,2017.0,2.0
florida,2017.0,2.0
florida,2017.0,2.0
florida,2017.0,3.0
florida,2017.0,4.0
florida,2017.0,6.0
florida,2017.0,7.0
florida,2016.0,1.0
florida,2016.0,1.0
florida,2016.0,3.0
florida,2016.0,4.0
florida,2016.0,4.0
florida,2016.0,6.0
florida,2016.0,7.0
florida,2015.0,1.0
florida,2015.0,1.0
florida,2015.0,3.0
florida,2015.0,3.0
florida,2015.0,4.0
florida,2015.0,5.0
florida,2015.0,7.0
florida,2014.0,1.0
florida,2014.0,4.0
florida,2014.0,5.0
florida,2014.0,6.0
florida,2013.0,1.0
florida,2013.0,1.0
florida,2013.0,2.0
florida,2013.0,3.0
florida,2013.0,4.0
florida,2013.0,5.0
florida,2013.0,5.0
florida,2013.0,6.0
florida,2012.0,4.0
florida,2012.0,5.0
georgia,2021.0,1.0
georgia,2021.0,2.0
georgia,2021.0,2.0
georgia,2021.0,3.0
georgia,2021.0,3.0
georgia,2021.0,3.0
georgia,2021.0,5.0
georgia,2021.0,6.0
georgia,2021.0,7.0
georgia,2020.0,1.0
georgia,2020.0,1.0
georgia,2020.0,2.0
georgia,2020.0,4.0
georgia,2020.0,5.0
georgia,2020.0,6.0
georgia,2020.0,7.0
georgia,2019.0,1.0
georgia,2019.0,2.0
georgia,2019.0,4.0
georgia,2019.0,5.0
georgia,2019.0,6.0
georgia,2019.0,7.0
georgia,2019.0,7.0
georgia,2018.0,1.0
georgia,2018.0,1.0
georgia,2018.0,1.0
georgia,2018.0,2.0
georgia,2018.0,3.0
georgia,2018.0,7.0
georgia,2017.0,5.0
georgia,2016.0,1.0
georgia,2016.0,3.0
georgia,2016.0,4.0
georgia,2016.0,5.0
georgia,2016.0,7.0
georgia,2015.0,1.0
georgia,2015.0,3.0
georgia,2015.0,4.0
georgia,2015.0,5.0
georgia,2015.0,6.0
georgia,2014.0,5.0
georgia,2014.0,5.0
georgia,2013.0,1.0
georgia,2013.0,1.0
georgia,2013.0,3.0
georgia,2013.0,3.0
georgia,2013.0,5.0
georgia,2013.0,5.0
georgia,2013.0,6.0
georgia,2013.0,6.0
georgia,2012.0,2.0
georgia,2012.0,4.0
georgia,2012.0,4.0
georgia,2012.0,4.0
georgia,2012.0,6.0
georgia,2012.0,7.0
georgia,2012.0,7.0
kentucky,2021.0,1.0
kentucky,2021.0,2.0
kentucky,2021.0,6.0
kentucky,2021.0,6.0
kentucky,2021.0,6.0
kentucky,2021.0,7.0
kentucky,2020.0,3.0
kentucky,2020.0,4.0
kentucky,2019.0,1.0
kentucky,2019.0,2.0
kentucky,2019.0,3.0
kentucky,2019.0,4.0
kentucky,2019.0,7.0
kentucky,2016.0,6.0
kentucky,2015.0,1.0
kentucky,2015.0,4.0
kentucky,2014.0,5.0
kentucky,2013.0,3.0
kentucky,2012.0,6.0
kentucky,2012.0,6.0
lsu,2021.0,1.0
lsu,2021.0,2.0
lsu,2021.0,4.0
lsu,2021.0,4.0
lsu,2021.0,6.0
lsu,2021.0,6.0
lsu,2021.0,7.0
lsu,2020.0,1.0
lsu,2020.0,1.0
lsu,2020.0,1.0
lsu,2020.0,1.0
lsu,2020.0,1.0
lsu,2020.0,2.0
lsu,2020.0,2.0
lsu,2020.0,3.0
lsu,2020.0,3.0
lsu,2020.0,3.0
lsu,2020.0,4.0
lsu,2020.0,4.0
lsu,2020.0,6.0
lsu,2020.0,7.0
lsu,2019.0,1.0
lsu,2019.0,2.0
lsu,2019.0,4.0
lsu,2018.0,2.0
lsu,2018.0,2.0
lsu,2018.0,2.0
lsu,2018.0,3.0
lsu,2018.0,6.0
lsu,2018.0,7.0
lsu,2018.0,7.0
lsu,2017.0,1.0
lsu,2017.0,1.0
lsu,2017.0,1.0
lsu,2017.0,2.0
lsu,2017.0,3.0
lsu,2017.0,3.0
lsu,2017.0,5.0
lsu,2017.0,7.0
lsu,2016.0,2.0
lsu,2016.0,4.0
lsu,2016.0,4.0
lsu,2016.0,7.0
lsu,2016.0,7.0
lsu,2015.0,2.0
lsu,2015.0,3.0
lsu,2015.0,4.0
lsu,2015.0,7.0
lsu,2014.0,1.0
lsu,2014.0,2.0
lsu,2014.0,2.0
lsu,2014.0,2.0
lsu,2014.0,3.0
lsu,2014.0,5.0
lsu,2014.0,6.0
lsu,2014.0,6.0
lsu,2014.0,7.0
lsu,2013.0,1.0
lsu,2013.0,1.0
lsu,2013.0,2.0
lsu,2013.0,3.0
lsu,2013.0,3.0
lsu,2013.0,3.0
lsu,2013.0,5.0
lsu,2013.0,5.0
lsu,2013.0,6.0
lsu,2012.0,1.0
lsu,2012.0,1.0
lsu,2012.0,2.0
lsu,2012.0,3.0
lsu,2012.0,4.0
mississippi-state,2021.0,7.0
mississippi-state,2021.0,7.0
mississippi-state,2020.0,2.0
mississippi-state,2020.0,3.0
mississippi-state,2020.0,3.0
mississippi-state,2020.0,7.0
mississippi-state,2020.0,7.0
mississippi-state,2019.0,1.0
mississippi-state,2019.0,1.0
mississippi-state,2019.0,1.0
mississippi-state,2019.0,2.0
mississippi-state,2019.0,6.0
mississippi-state,2018.0,3.0
mississippi-state,2018.0,6.0
mississippi-state,2018.0,7.0
mississippi-state,2018.0,7.0
mississippi-state,2017.0,6.0
mississippi-state,2016.0,2.0
mississippi-state,2016.0,3.0
mississippi-state,2016.0,4.0
mississippi-state,2015.0,2.0
mississippi-state,2015.0,2.0
mississippi-state,2015.0,6.0
mississippi-state,2015.0,6.0
mississippi-state,2015.0,6.0
mississippi-state,2014.0,3.0
mississippi-state,2013.0,2.0
mississippi-state,2013.0,2.0
mississippi-state,2013.0,5.0
mississippi-state,2012.0,1.0
mississippi-state,2012.0,5.0
mississippi-state,2012.0,6.0
missouri,2021.0,2.0
missouri,2021.0,4.0
missouri,2021.0,5.0
missouri,2021.0,6.0
missouri,2021.0,6.0
missouri,2020.0,3.0
missouri,2020.0,4.0
missouri,2019.0,2.0
missouri,2019.0,7.0
missouri,2018.0,4.0
missouri,2017.0,1.0
missouri,2016.0,4.0
missouri,2016.0,5.0
missouri,2016.0,5.0
missouri,2015.0,1.0
missouri,2015.0,2.0
missouri,2015.0,2.0
missouri,2015.0,6.0
missouri,2015.0,7.0
missouri,2014.0,2.0
missouri,2014.0,2.0
missouri,2014.0,6.0
missouri,2014.0,7.0
missouri,2013.0,1.0
missouri,2013.0,3.0
missouri,2012.0,3.0
ole-miss,2021.0,2.0
ole-miss,2021.0,4.0
ole-miss,2019.0,2.0
ole-miss,2019.0,2.0
ole-miss,2019.0,2.0
ole-miss,2019.0,3.0
ole-miss,2019.0,7.0
ole-miss,2019.0,7.0
ole-miss,2018.0,2.0
ole-miss,2018.0,4.0
ole-miss,2018.0,5.0
ole-miss,2018.0,7.0
ole-miss,2017.0,1.0
ole-miss,2017.0,6.0
ole-miss,2017.0,6.0
ole-miss,2017.0,7.0
ole-miss,2016.0,1.0
ole-miss,2016.0,1.0
ole-miss,2016.0,1.0
ole-miss,2016.0,5.0
ole-miss,2016.0,6.0
ole-miss,2015.0,2.0
ole-miss,2014.0,3.0
ole-miss,2012.0,4.0
south-carolina,2021.0,1.0
south-carolina,2021.0,3.0
south-carolina,2021.0,6.0
south-carolina,2021.0,6.0
south-carolina,2020.0,1.0
south-carolina,2020.0,3.0
south-carolina,2020.0,4.0
south-carolina,2020.0,7.0
south-carolina,2019.0,2.0
south-carolina,2019.0,6.0
south-carolina,2019.0,6.0
south-carolina,2018.0,1.0
south-carolina,2016.0,4.0
south-carolina,2016.0,5.0
south-carolina,2016.0,6.0
south-carolina,2015.0,3.0
south-carolina,2015.0,4.0
south-carolina,2015.0,7.0
south-carolina,2014.0,1.0
south-carolina,2014.0,4.0
south-carolina,2013.0,2.0
south-carolina,2013.0,4.0
south-carolina,2013.0,4.0
south-carolina,2013.0,4.0
south-carolina,2013.0,6.0
south-carolina,2013.0,7.0
south-carolina,2013.0,7.0
south-carolina,2012.0,1.0
south-carolina,2012.0,1.0
south-carolina,2012.0,2.0
south-carolina,2012.0,5.0
south-carolina,2012.0,7.0
south-carolina,2012.0,7.0
tennessee,2021.0,3.0
tennessee,2021.0,6.0
tennessee,2020.0,2.0
tennessee,2020.0,7.0
tennessee,2018.0,3.0
tennessee,2018.0,6.0
tennessee,2018.0,6.0
tennessee,2017.0,1.0
tennessee,2017.0,3.0
tennessee,2017.0,3.0
tennessee,2017.0,4.0
tennessee,2017.0,4.0
tennessee,2017.0,4.0
tennessee,2014.0,1.0
tennessee,2014.0,6.0
tennessee,2014.0,6.0
tennessee,2013.0,1.0
tennessee,2013.0,2.0
tennessee,2013.0,3.0
tennessee,2013.0,6.0
tennessee,2012.0,5.0
texas-am,2021.0,3.0
texas-am,2021.0,4.0
texas-am,2021.0,4.0
texas-am,2021.0,4.0
texas-am,2020.0,3.0
texas-am,2020.0,6.0
texas-am,2019.0,2.0
texas-am,2019.0,3.0
texas-am,2019.0,5.0
texas-am,2019.0,5.0
texas-am,2019.0,6.0
texas-am,2019.0,6.0
texas-am,2019.0,7.0
texas-am,2018.0,2.0
texas-am,2018.0,4.0
texas-am,2018.0,6.0
texas-am,2017.0,1.0
texas-am,2017.0,2.0
texas-am,2017.0,3.0
texas-am,2017.0,4.0
texas-am,2017.0,5.0
texas-am,2016.0,1.0
texas-am,2016.0,3.0
texas-am,2016.0,6.0
texas-am,2015.0,1.0
texas-am,2015.0,5.0
texas-am,2014.0,1.0
texas-am,2014.0,1.0
texas-am,2014.0,1.0
texas-am,2013.0,1.0
texas-am,2013.0,2.0
texas-am,2013.0,3.0
texas-am,2013.0,4.0
texas-am,2013.0,6.0
texas-am,2012.0,1.0
texas-am,2012.0,5.0
texas-am,2012.0,6.0
texas-am,2012.0,7.0
vanderbilt,2021.0,2.0
vanderbilt,2020.0,3.0
vanderbilt,2019.0,2.0
vanderbilt,2019.0,6.0
vanderbilt,2018.0,3.0
vanderbilt,2017.0,2.0
vanderbilt,2017.0,5.0
vanderbilt,2016.0,7.0
vanderbilt,2014.0,2.0
vanderbilt,2014.0,5.0
vanderbilt,2014.0,7.0
vanderbilt,2013.0,5.0
vanderbilt,2013.0,7.0
vanderbilt,2012.0,2.0
vanderbilt,2012.0,7.0
cincinnati,2021.0,4.0
cincinnati,2021.0,5.0
cincinnati,2021.0,7.0
cincinnati,2021.0,7.0
cincinnati,2020.0,3.0
cincinnati,2019.0,7.0
cincinnati,2018.0,7.0
cincinnati,2017.0,6.0
cincinnati,2016.0,4.0
cincinnati,2016.0,4.0
cincinnati,2013.0,3.0
cincinnati,2012.0,2.0
cincinnati,2012.0,2.0
cincinnati,2012.0,3.0
cincinnati,2012.0,4.0
east-carolina,2021.0,4.0
east-carolina,2017.0,2.0
east-carolina,2015.0,4.0
houston,2021.0,1.0
houston,2021.0,6.0
houston,2021.0,7.0
houston,2020.0,3.0
houston,2019.0,1.0
houston,2019.0,4.0
houston,2019.0,6.0
houston,2018.0,7.0
houston,2017.0,2.0
houston,2017.0,4.0
houston,2017.0,6.0
houston,2016.0,1.0
houston,2016.0,6.0
houston,2016.0,7.0
houston,2013.0,1.0
memphis,2021.0,5.0
memphis,2020.0,3.0
memphis,2020.0,7.0
memphis,2020.0,7.0
memphis,2019.0,3.0
memphis,2019.0,4.0
memphis,2018.0,2.0
memphis,2018.0,5.0
memphis,2017.0,5.0
memphis,2016.0,1.0
memphis,2015.0,5.0
memphis,2015.0,7.0
memphis,2014.0,7.0
memphis,2012.0,1.0
navy,2020.0,7.0
navy,2016.0,6.0
navy,2015.0,5.0
smu,2021.0,3.0
smu,2021.0,4.0
smu,2020.0,6.0
smu,2018.0,2.0
smu,2018.0,7.0
smu,2018.0,7.0
smu,2014.0,6.0
smu,2014.0,6.0
smu,2013.0,2.0
smu,2012.0,3.0
smu,2012.0,5.0
smu,2012.0,7.0
smu,2012.0,7.0
south-florida,2018.0,3.0
south-florida,2018.0,5.0
south-florida,2017.0,4.0
south-florida,2017.0,5.0
south-florida,2017.0,6.0
south-florida,2015.0,6.0
south-florida,2015.0,7.0
south-florida,2014.0,5.0
south-florida,2013.0,3.0
south-florida,2013.0,7.0
south-florida,2013.0,7.0
temple,2020.0,3.0
temple,2020.0,5.0
temple,2020.0,6.0
temple,2020.0,7.0
temple,2019.0,2.0
temple,2019.0,5.0
temple,2019.0,7.0
temple,2018.0,6.0
temple,2018.0,7.0
temple,2017.0,1.0
temple,2017.0,2.0
temple,2017.0,5.0
temple,2016.0,4.0
temple,2016.0,5.0
temple,2016.0,7.0
temple,2012.0,3.0
temple,2012.0,4.0
temple,2012.0,5.0
tulane,2021.0,4.0
tulane,2021.0,7.0
tulane,2020.0,5.0
tulane,2020.0,7.0
tulane,2019.0,7.0
tulane,2018.0,6.0
tulane,2018.0,6.0
tulane,2017.0,6.0
tulane,2015.0,5.0
tulane,2015.0,7.0
tulane,2014.0,5.0
tulsa,2021.0,1.0
tulsa,2020.0,4.0
tulsa,2020.0,5.0
central-florida,2021.0,2.0
central-florida,2021.0,3.0
central-florida,2021.0,4.0
central-florida,2021.0,6.0
central-florida,2021.0,7.0
central-florida,2020.0,4.0
central-florida,2019.0,2.0
central-florida,2018.0,1.0
central-florida,2018.0,3.0
central-florida,2018.0,3.0
central-florida,2018.0,5.0
central-florida,2017.0,3.0
central-florida,2015.0,1.0
central-florida,2015.0,4.0
central-florida,2014.0,1.0
central-florida,2014.0,7.0
central-florida,2013.0,6.0
central-florida,2013.0,7.0
central-florida,2012.0,3.0
charlotte,2020.0,3.0
charlotte,2020.0,4.0
charlotte,2019.0,3.0
charlotte,2017.0,3.0
florida-international,2020.0,4.0
florida-international,2020.0,7.0
florida-international,2018.0,7.0
florida-international,2017.0,3.0
florida-atlantic,2020.0,4.0
florida-atlantic,2019.0,3.0
florida-atlantic,2019.0,7.0
florida-atlantic,2017.0,3.0
florida-atlantic,2015.0,3.0
florida-atlantic,2014.0,5.0
florida-atlantic,2014.0,7.0
florida-atlantic,2012.0,6.0
louisiana-tech,2021.0,3.0
louisiana-tech,2020.0,4.0
louisiana-tech,2020.0,4.0
louisiana-tech,2019.0,3.0
louisiana-tech,2018.0,6.0
louisiana-tech,2017.0,3.0
louisiana-tech,2017.0,5.0
louisiana-tech,2017.0,6.0
louisiana-tech,2016.0,1.0
louisiana-tech,2016.0,4.0
louisiana-tech,2016.0,6.0
louisiana-tech,2014.0,4.0
louisiana-tech,2014.0,6.0
louisiana-tech,2013.0,4.0
louisiana-tech,2013.0,5.0
marshall,2021.0,4.0
marshall,2020.0,5.0
marshall,2020.0,7.0
marshall,2015.0,7.0
marshall,2014.0,6.0
marshall,2013.0,2.0
marshall,2012.0,2.0
middle-tennessee-state,2018.0,7.0
middle-tennessee-state,2016.0,3.0
middle-tennessee-state,2014.0,5.0
north-texas,2021.0,4.0
old-dominion,2019.0,3.0
old-dominion,2019.0,6.0
rice,2015.0,6.0
rice,2014.0,3.0
rice,2013.0,2.0
rice,2013.0,5.0
rice,2012.0,7.0
southern-mississippi,2020.0,6.0
southern-mississippi,2018.0,3.0
southern-mississippi,2018.0,4.0
southern-mississippi,2018.0,6.0
southern-mississippi,2016.0,6.0
southern-mississippi,2016.0,7.0
southern-mississippi,2015.0,6.0
southern-mississippi,2014.0,3.0
southern-mississippi,2013.0,2.0
southern-mississippi,2012.0,3.0
alabama-birmingham,2021.0,4.0
alabama-birmingham,2015.0,5.0
alabama-birmingham,2015.0,6.0
alabama-birmingham,2012.0,6.0
utep,2018.0,2.0
utep,2017.0,5.0
utsa,2018.0,1.0
utsa,2016.0,6.0
western-kentucky,2018.0,4.0
western-kentucky,2018.0,5.0
western-kentucky,2017.0,2.0
western-kentucky,2017.0,3.0
western-kentucky,2016.0,4.0
western-kentucky,2016.0,7.0
western-kentucky,2016.0,7.0
western-kentucky,2014.0,6.0
western-kentucky,2014.0,7.0
western-kentucky,2013.0,5.0
byu,2021.0,1.0
byu,2021.0,3.0
byu,2021.0,7.0
byu,2021.0,7.0
byu,2021.0,7.0
byu,2019.0,3.0
byu,2018.0,3.0
byu,2017.0,4.0
byu,2016.0,3.0
byu,2014.0,2.0
byu,2013.0,1.0
uconn,2020.0,3.0
uconn,2018.0,6.0
uconn,2017.0,2.0
uconn,2015.0,1.0
uconn,2015.0,6.0
uconn,2014.0,7.0
uconn,2014.0,7.0
uconn,2013.0,3.0
uconn,2013.0,3.0
uconn,2013.0,3.0
uconn,2013.0,4.0
uconn,2013.0,6.0
uconn,2012.0,2.0
liberty,2020.0,4.0
liberty,2014.0,4.0
new-mexico-state,2020.0,5.0
new-mexico-state,2018.0,4.0
new-mexico-state,2013.0,7.0
new-mexico-state,2012.0,6.0
notre-dame,2021.0,2.0
notre-dame,2021.0,2.0
notre-dame,2021.0,2.0
notre-dame,2021.0,3.0
notre-dame,2021.0,3.0
notre-dame,2021.0,4.0
notre-dame,2021.0,5.0
notre-dame,2021.0,5.0
notre-dame,2021.0,7.0
notre-dame,2020.0,2.0
notre-dame,2020.0,2.0
notre-dame,2020.0,3.0
notre-dame,2020.0,4.0
notre-dame,2020.0,5.0
notre-dame,2020.0,6.0
notre-dame,2019.0,1.0
notre-dame,2019.0,3.0
notre-dame,2019.0,4.0
notre-dame,2019.0,4.0
notre-dame,2019.0,6.0
notre-dame,2019.0,7.0
notre-dame,2018.0,1.0
notre-dame,2018.0,1.0
notre-dame,2018.0,4.0
notre-dame,2018.0,6.0
notre-dame,2017.0,2.0
notre-dame,2017.0,7.0
notre-dame,2016.0,1.0
notre-dame,2016.0,1.0
notre-dame,2016.0,2.0
notre-dame,2016.0,2.0
notre-dame,2016.0,3.0
notre-dame,2016.0,3.0
notre-dame,2016.0,4.0
notre-dame,2015.0,7.0
notre-dame,2014.0,1.0
notre-dame,2014.0,2.0
notre-dame,2014.0,2.0
notre-dame,2014.0,3.0
notre-dame,2014.0,3.0
notre-dame,2014.0,4.0
notre-dame,2014.0,6.0
notre-dame,2014.0,6.0
notre-dame,2013.0,1.0
notre-dame,2013.0,2.0
notre-dame,2013.0,6.0
notre-dame,2013.0,6.0
notre-dame,2013.0,6.0
notre-dame,2013.0,7.0
notre-dame,2012.0,1.0
notre-dame,2012.0,1.0
notre-dame,2012.0,5.0
notre-dame,2012.0,5.0
massachusetts,2021.0,7.0
massachusetts,2020.0,6.0
massachusetts,2019.0,2.0
massachusetts,2016.0,5.0
massachusetts,2014.0,7.0
massachusetts,2013.0,7.0
akron,2019.0,6.0
akron,2016.0,5.0
ball-state,2020.0,5.0
ball-state,2014.0,5.0
ball-state,2014.0,6.0
bowling-green,2019.0,6.0
bowling-green,2013.0,6.0
buffalo,2021.0,3.0
buffalo,2017.0,7.0
buffalo,2015.0,6.0
buffalo,2014.0,1.0
buffalo,2013.0,5.0
central-michigan,2019.0,2.0
central-michigan,2019.0,6.0
central-michigan,2018.0,5.0
central-michigan,2016.0,6.0
central-michigan,2015.0,6.0
central-michigan,2013.0,1.0
eastern-michigan,2019.0,4.0
eastern-michigan,2017.0,7.0
eastern-michigan,2016.0,6.0
kent-state,2014.0,3.0
kent-state,2013.0,3.0
miami-ohio,2021.0,5.0
miami-ohio,2020.0,7.0
miami-ohio,2015.0,2.0
miami-ohio,2013.0,7.0
miami-ohio,2012.0,3.0
northern-illinois,2019.0,2.0
northern-illinois,2019.0,6.0
northern-illinois,2017.0,3.0
northern-illinois,2015.0,7.0
northern-illinois,2014.0,1.0
northern-illinois,2014.0,7.0
northern-illinois,2012.0,7.0
ohio,2018.0,7.0
ohio,2017.0,3.0
ohio,2017.0,5.0
ohio,2014.0,7.0
ohio,2013.0,7.0
ohio,2012.0,6.0
toledo,2019.0,3.0
toledo,2019.0,6.0
toledo,2018.0,7.0
toledo,2017.0,3.0
toledo,2017.0,4.0
toledo,2017.0,7.0
western-michigan,2021.0,2.0
western-michigan,2021.0,5.0
western-michigan,2018.0,3.0
western-michigan,2018.0,5.0
western-michigan,2017.0,1.0
western-michigan,2017.0,2.0
western-michigan,2017.0,7.0
western-michigan,2016.0,4.0
western-michigan,2016.0,7.0
western-michigan,2012.0,7.0
western-michigan,2012.0,7.0
air-force,2019.0,7.0
boise-state,2021.0,4.0
boise-state,2021.0,5.0
boise-state,2020.0,2.0
boise-state,2020.0,5.0
boise-state,2020.0,5.0
boise-state,2019.0,3.0
boise-state,2018.0,1.0
boise-state,2018.0,6.0
boise-state,2017.0,5.0
boise-state,2017.0,6.0
boise-state,2016.0,2.0
boise-state,2016.0,3.0
boise-state,2016.0,3.0
boise-state,2015.0,5.0
boise-state,2014.0,2.0
boise-state,2014.0,6.0
boise-state,2014.0,7.0
boise-state,2013.0,2.0
boise-state,2012.0,1.0
boise-state,2012.0,1.0
boise-state,2012.0,3.0
boise-state,2012.0,5.0
boise-state,2012.0,6.0
boise-state,2012.0,7.0
colorado-state,2019.0,7.0
colorado-state,2018.0,3.0
colorado-state,2016.0,5.0
colorado-state,2016.0,6.0
colorado-state,2015.0,2.0
colorado-state,2015.0,3.0
colorado-state,2014.0,2.0
colorado-state,2014.0,3.0
fresno-state,2020.0,4.0
fresno-state,2020.0,6.0
fresno-state,2019.0,6.0
fresno-state,2015.0,5.0
fresno-state,2015.0,6.0
fresno-state,2015.0,6.0
fresno-state,2014.0,2.0
fresno-state,2014.0,2.0
fresno-state,2013.0,4.0
fresno-state,2012.0,4.0
hawaii,2020.0,7.0
hawaii,2019.0,2.0
hawaii,2019.0,7.0
hawaii,2012.0,7.0
nevada,2018.0,2.0
nevada,2014.0,2.0
nevada,2013.0,4.0
nevada,2013.0,6.0
nevada,2012.0,4.0
nevada,2012.0,5.0
nevada,2012.0,6.0
nevada,2012.0,7.0
new-mexico,2018.0,7.0
san-diego-state,2021.0,4.0
san-diego-state,2020.0,5.0
san-diego-state,2019.0,3.0
san-diego-state,2018.0,1.0
san-diego-state,2018.0,7.0
san-diego-state,2017.0,4.0
san-diego-state,2017.0,4.0
san-diego-state,2017.0,5.0
san-diego-state,2015.0,4.0
san-diego-state,2014.0,5.0
san-diego-state,2014.0,6.0
san-diego-state,2013.0,2.0
san-diego-state,2013.0,3.0
san-diego-state,2013.0,7.0
san-diego-state,2012.0,3.0
san-diego-state,2012.0,4.0
san-diego-state,2012.0,6.0
san-diego-state,2012.0,7.0
san-jose-state,2019.0,3.0
san-jose-state,2018.0,7.0
san-jose-state,2016.0,4.0
san-jose-state,2016.0,6.0
san-jose-state,2015.0,7.0
san-jose-state,2014.0,5.0
san-jose-state,2014.0,6.0
san-jose-state,2013.0,6.0
utah-state,2020.0,1.0
utah-state,2019.0,6.0
utah-state,2017.0,7.0
utah-state,2016.0,3.0
utah-state,2016.0,3.0
utah-state,2014.0,4.0
utah-state,2014.0,4.0
utah-state,2013.0,3.0
utah-state,2013.0,7.0
utah-state,2012.0,2.0
utah-state,2012.0,4.0
utah-state,2012.0,7.0
utah-state,2012.0,7.0
wyoming,2020.0,3.0
wyoming,2020.0,6.0
wyoming,2019.0,6.0
wyoming,2018.0,1.0
wyoming,2017.0,5.0
wyoming,2017.0,6.0
wyoming,2015.0,7.0
wyoming,2014.0,4.0
wyoming,2014.0,6.0
appalachian-state,2021.0,5.0
appalachian-state,2020.0,3.0
appalachian-state,2020.0,4.0
appalachian-state,2018.0,6.0
appalachian-state,2016.0,5.0
appalachian-state,2013.0,5.0
appalachian-state,2013.0,7.0
appalachian-state,2012.0,2.0
arkansas-state,2014.0,5.0
arkansas-state,2013.0,7.0
arkansas-state,2012.0,3.0
coastal-carolina,2021.0,6.0
coastal-carolina,2017.0,6.0
coastal-carolina,2014.0,4.0
coastal-carolina,2014.0,6.0
coastal-carolina,2012.0,5.0
georgia-southern,2020.0,5.0
georgia-southern,2020.0,6.0
georgia-southern,2017.0,5.0
georgia-southern,2016.0,5.0
georgia-southern,2014.0,3.0
georgia-southern,2014.0,7.0
georgia-southern,2013.0,3.0
georgia-state,2017.0,6.0
georgia-state,2014.0,7.0
georgia-state,2012.0,6.0
louisiana,2021.0,6.0
louisiana,2020.0,2.0
louisiana,2020.0,4.0
louisiana,2020.0,7.0
louisiana,2018.0,3.0
louisiana,2018.0,6.0
louisiana,2017.0,6.0
louisiana,2015.0,6.0
louisiana,2012.0,3.0
louisiana,2012.0,4.0
louisiana-monroe,2019.0,6.0
louisiana-monroe,2016.0,5.0
south-alabama,2021.0,7.0
south-alabama,2017.0,2.0
texas-state,2015.0,3.0
texas-state,2015.0,5.0
troy,2017.0,3.0
troy,2012.0,5.0
